Folders,,,,,Checklists
Hemmingway - Project Details,,,,,Job Details
Manufacture QA,,,,,
,Level 5,,,,
,,Column,,,
,,,05-01,,Manufacturing Checklist
,,,05-07,,Manufacturing Checklist
,,,05-09,,Manufacturing Checklist
,,,05-10,,Manufacturing Checklist
,,,05-13,,Manufacturing Checklist
,,,05-17,,Manufacturing Checklist
,,,05-31,,Manufacturing Checklist
,,,05-34,,Manufacturing Checklist
,,,05-40,,Manufacturing Checklist
,Level 6,,,,
,,Column,,,
,,,06-01,,Manufacturing Checklist
,,,06-05,,Manufacturing Checklist
,,,06-07,,Manufacturing Checklist
,,,06-09,,Manufacturing Checklist
,,,06-10,,Manufacturing Checklist
,,,06-12,,Manufacturing Checklist
,,,06-13,,Manufacturing Checklist
,,,06-15,,Manufacturing Checklist
,,,06-17,,Manufacturing Checklist
,,,06-21,,Manufacturing Checklist
,,,06-25,,Manufacturing Checklist
,,,06-26,,Manufacturing Checklist
,,,06-29,,Manufacturing Checklist
,,,06-31,,Manufacturing Checklist
,,,06-32,,Manufacturing Checklist
,,,06-34,,Manufacturing Checklist
,,,06-36,,Manufacturing Checklist
,,,06-37,,Manufacturing Checklist
,,,06-38,,Manufacturing Checklist
,,,06-39,,Manufacturing Checklist
,,,06-40,,Manufacturing Checklist
,,,06-41,,Manufacturing Checklist
,,,06-43,,Manufacturing Checklist
,,,06-46,,Manufacturing Checklist
,,Panel,,,
,,,06-02,,Manufacturing Checklist
,,,06-03,,Manufacturing Checklist
,,,06-04,,Manufacturing Checklist
,,,06-06,,Manufacturing Checklist
,,,06-08,,Manufacturing Checklist
,,,06-11,,Manufacturing Checklist
,,,06-14,,Manufacturing Checklist
,,,06-16,,Manufacturing Checklist
,,,06-18,,Manufacturing Checklist
,,,06-19,,Manufacturing Checklist
,,,06-20,,Manufacturing Checklist
,,,06-23,,Manufacturing Checklist
,,,06-24,,Manufacturing Checklist
,,,06-27,,Manufacturing Checklist
,,,06-28,,Manufacturing Checklist
,,,06-30,,Manufacturing Checklist
,,,06-33,,Manufacturing Checklist
,,,06-35,,Manufacturing Checklist
,,,06-42,,Manufacturing Checklist
,,,06-44,,Manufacturing Checklist
,,,06-45,,Manufacturing Checklist
,,,06-47,,Manufacturing Checklist
,Level 7,,,,
,,Column,,,
,,,07-01,,Manufacturing Checklist
,,,07-05,,Manufacturing Checklist
,,,07-07,,Manufacturing Checklist
,,,07-09,,Manufacturing Checklist
,,,07-10,,Manufacturing Checklist
,,,07-12,,Manufacturing Checklist
,,,07-13,,Manufacturing Checklist
,,,07-15,,Manufacturing Checklist
,,,07-17,,Manufacturing Checklist
,,,07-21,,Manufacturing Checklist
,,,07-25,,Manufacturing Checklist
,,,07-26,,Manufacturing Checklist
,,,07-29,,Manufacturing Checklist
,,,07-31,,Manufacturing Checklist
,,,07-32,,Manufacturing Checklist
,,,07-34,,Manufacturing Checklist
,,,07-36,,Manufacturing Checklist
,,,07-37,,Manufacturing Checklist
,,,07-38,,Manufacturing Checklist
,,,07-39,,Manufacturing Checklist
,,,07-40,,Manufacturing Checklist
,,,07-41,,Manufacturing Checklist
,,,07-43,,Manufacturing Checklist
,,,07-46,,Manufacturing Checklist
,,Panel,,,
,,,07-03,,Manufacturing Checklist
,,,07-19,,Manufacturing Checklist
Delivery / Installation Day,,,,ability to add,