resource,type,Add Step,Add Post,Tier 1,Tier 2 ,Tier 3,Tier 4,Tier 5,Tier 6,Tier 7,Tier 8,Tier 9
,step,,,Sheet 1,,,,,,,,
Fire Service BG     ,checklist,,,,Fire,,,,,,,
Gas BG     ,checklist,,,,Gas,,,,,,,
,step,,,,Water,,,,,,,
Water Meter Validation    ,checklist,,,,,Meter,,,,,,
Cold Water BG     ,checklist,,,,,Pipeline,,,,,,
,step,,,,Stormwater,,,,,,,
Stormwater BG     ,checklist,,,,,Drain,,,,,,
Preform,checklist,,,,,Pit,,,,,,
Excavation & Backfill Checklist,checklist,,,,Telstra,,,,,,,
Excavation & Backfill Checklist,checklist,,,,Conduits,,,,,,,
Excavation & Backfill Checklist,checklist,,,,Boring,,,,,,,
,step,,,Sheet 2,,,,,,,,
Fire Service BG     ,checklist,,,,Fire,,,,,,,
Gas BG     ,checklist,,,,Gas,,,,,,,
Cold Water BG     ,checklist,,,,Water,,,,,,,
,step,,,,Stormwater,,,,,,,
Stormwater BG     ,checklist,,,,,Stormwater BG     ,,,,,,
Preform,checklist,,,,,Preform,,,,,,
Excavation & Backfill Checklist,checklist,,,,Telstra,,,,,,,
Excavation & Backfill Checklist,checklist,,,,Conduits,,,,,,,
Excavation & Backfill Checklist,checklist,,,,Boring,,,,,,,
