Step Id,Warnings,Rich Type,State,resource,type,addStep,addPost,Tier 1,Tier 2,Tier 3,Tier 4,Tier 5,,,,
a369e193-5e0c-4e3a-9109-ee560145ed1b,,checklist-sectioned,pass,"zSYS - Refurb Checklist (old version, 07-03-24)",checklist,FALSE,FALSE,Auckland,Arvida - Refurbs,Aria Gardens,1. Completed Refurbs,Kowhai Room 50 - Job #58495,Aria Gardens - Kowhai Room 50 - Refurb Checklist,,,
b8a05bf4-f7e5-4c8a-8b5a-bb495e7f0723,,checklist-sectioned,pass,"zSYS - Refurb Checklist (old version, 07-03-24)",checklist,FALSE,FALSE,Auckland,Arvida - Refurbs,Aria Gardens,1. Completed Refurbs,Kowhai Room 58 - Job #58588,Aria Gardens - Kowhai Room 58 - Refurb Checklist,,,
5a8ea6e4-4dfd-4421-8979-2c2a3a7fa4ff,,checklist-sectioned,pass,"zSYS - Refurb Checklist (old version, 07-03-24)",checklist,FALSE,FALSE,Auckland,Arvida - Refurbs,Aria Gardens,1. Completed Refurbs,Kowhai Shower - Job #59957,Aria Gardens - Kowhai Shower - Refurb Checklist,,,
f7ee2a2b-6e7e-4140-8689-9bc50191e0c1,,checklist-sectioned,pass,"zSYS - Refurb Checklist (old version, 07-03-24)",checklist,FALSE,FALSE,Auckland,Arvida - Refurbs,Aria Gardens,1. Completed Refurbs,Room 61 - Job #63331,Aria Gardens - Room 61 - Refurb Checklist,,,
bfcaa964-4fd3-44b2-afd8-5c092c3416c6,,checklist-sectioned,pass,"zSYS - Refurb Checklist (old version, 07-03-24)",checklist,FALSE,FALSE,Auckland,Arvida - Refurbs,Knightsbridge,1. Completed Refurbs,Apartment 326 - Job #59342,Knightsbridge - Apartment 326 - Refurb Checklist,,,
4fe297e6-6aeb-49f2-bcc5-124719c1cd0f,,checklist-sectioned,pass,"zSYS - Refurb Checklist (old version, 07-03-24)",checklist,FALSE,FALSE,Auckland,Arvida - Refurbs,Knightsbridge,1. Completed Refurbs,Apartment 330 - Job #61752,Knightsbridge - Apartment 330 - Refurb Checklist,,,
9caf0236-a320-481e-b0fa-27e531ecc2f7,,checklist-sectioned,pass,"zSYS - Refurb Checklist (old version, 07-03-24)",checklist,FALSE,FALSE,Auckland,Arvida - Refurbs,Knightsbridge,1. Completed Refurbs,Apartment 429 - Job #59510,Knightsbridge - Apartment 429 - Refurb Checklist,,,
5615f7da-9477-4c0f-b722-17d012e7053b,,checklist-sectioned,pass,"zSYS - Refurb Checklist (old version, 07-03-24)",checklist,FALSE,FALSE,Auckland,Arvida - Refurbs,Knightsbridge,1. Completed Refurbs,Villa 31 - Job #57809,Knightsbridge - Villa 31 - Refurb Checklist,,,
ae6311dd-229b-4fbb-9cf6-c69706660617,,checklist-sectioned,pass,"zSYS - Refurb Checklist (old version, 07-03-24)",checklist,FALSE,FALSE,Auckland,Arvida - Refurbs,Knightsbridge,1. Completed Refurbs,Villa 47 - Job #57953,Knightsbridge - Villa 47 - Refurb Checklist,,,
8ad1f214-2e54-4492-9c07-e3e7c27ce8db,,checklist-sectioned,pass,"zSYS - Refurb Checklist (old version, 07-03-24)",checklist,FALSE,FALSE,Auckland,Arvida - Refurbs,Knightsbridge,1. Completed Refurbs,Villa 147 - Job #61716,Knightsbridge - Villa 147 - Refurb Checklist,,,
3a40bd18-1f7d-41a7-a1a4-2ecb665386a3,,checklist-sectioned,pass,"zSYS - Refurb Checklist (old version, 07-03-24)",checklist,FALSE,FALSE,Auckland,Arvida - Refurbs,Knightsbridge,1. Completed Refurbs,Villa 83 - Job #57607,Knightsbridge - Villa 83 - Refurb Checklist,,,
dcce0d85-6c00-4313-9a3a-39eb2bf408e2,,checklist-sectioned,pass,"zSYS - Refurb Checklist (old version, 07-03-24)",checklist,FALSE,FALSE,Auckland,Arvida - Refurbs,Knightsbridge,1. Completed Refurbs,Villa 93 - Job #58555,Knightsbridge - Villa 93 - Refurb Checklist,,,
600f370c-9a2a-49d4-ab1a-6614a661b8d3,,checklist-sectioned,pass,"zSYS - Refurb Checklist (old version, 07-03-24)",checklist,FALSE,FALSE,Auckland,Arvida - Refurbs,Knightsbridge,1. Completed Refurbs,Villa 100 - Job #59872,Knightsbridge - Villa 100 - Refurb Checklist,,,
1dd2f605-f12c-49f7-ba04-2362aa98e9f7,,checklist-sectioned,pass,"zSYS - Refurb Checklist (old version, 07-03-24)",checklist,FALSE,FALSE,Auckland,Arvida - Refurbs,Knightsbridge,1. Completed Refurbs,Villa 121- Job #56779,Knightsbridge - Villa 121 - Refurb Checklist,,,
2ac3ba4c-5e91-4d21-b031-bc2d3bca5059,,checklist-sectioned,work-in-progress,"zSYS - Refurb Checklist (old version, 07-03-24)",checklist,FALSE,FALSE,Auckland,Arvida - Refurbs,Knightsbridge,Apartment 301 - Job #63078,Knightsbridge - Apartment 301 - Refurb Checklist,,,,
9ecea514-4e81-4374-9134-b560a5fd562e,,checklist-sectioned,pass,"zSYS - Refurb Checklist (old version, 07-03-24)",checklist,FALSE,FALSE,Auckland,Arvida - Refurbs,Knightsbridge,Apartment 412 - Job #62301,Knightsbridge - Apartment 412 - Refurb Checklist,,,,
2c22ede0-7160-4375-94ca-91679841b819,,checklist-sectioned,work-in-progress,"zSYS - Refurb Checklist (old version, 07-03-24)",checklist,FALSE,FALSE,Auckland,Arvida - Refurbs,Knightsbridge,Villa 101 - Job #63305,Knightsbridge - Villa 101 - Refurb Checklist,,,,
c222155e-a6ef-4c37-a24a-d9f2b7b31f56,,checklist-sectioned,pass,"zSYS - Refurb Checklist (old version, 07-03-24)",checklist,FALSE,FALSE,Auckland,Arvida - Refurbs,Mayfair Village,1. Completed Refurbs,Villa 74 - Job #57273,Mayfair - Villa 74 - Refurb Checklist,,,
1072a5dd-327a-41c1-a3ba-ef525ba2fe8c,,checklist-sectioned,not-started,"zSYS - Refurb Checklist (old version, 07-03-24)",checklist,FALSE,FALSE,Auckland,Arvida - Refurbs,Mayfair Village,Villa 24 - Job #63652,Mayfair Village - Villa 24 - Refurb Checklist,,,,
d0da788c-7b62-45b3-91da-08dc2957ec4d,,checklist-sectioned,work-in-progress,"zSYS - Refurb Checklist (old version, 07-03-24)",checklist,FALSE,FALSE,Auckland,Arvida - Refurbs,Mayfair Village,Villa 70 - Job #62522,Mayfair Village - Villa 70 - Refurb Checklist,,,,
2f0ef665-ade2-47cb-8449-1716c54e189a,,checklist-sectioned,work-in-progress,"zSYS - Refurb Checklist (old version, 07-03-24)",checklist,FALSE,FALSE,Auckland,Arvida - Refurbs,Mayfair Village,Villa 79 - Job #63124,Mayfair Village - Villa 79 - Refurb Checklist,,,,
4ab372ad-ff05-4ca0-a254-21f3f2d9cc00,,checklist-sectioned,work-in-progress,"zSYS - Refurb Checklist (old version, 07-03-24)",checklist,FALSE,FALSE,Auckland,Arvida - Refurbs,Mayfair Village,Villa 98 - Job #62144,Mayfair Village - Villa 98 - Refurb Checklist,,,,
e7d569c9-c158-4498-b4ea-c8e6bc8dc461,,checklist-sectioned,pass,"zSYS - Refurb Checklist (old version, 07-03-24)",checklist,FALSE,FALSE,Auckland,Arvida - Refurbs,Parklane,Job #55930,1. Completed Refurbs,Apartment 329 ,Refurb Checklist,,
7788e78d-d14a-480d-b2fc-d9e5d1b15174,,checklist-sectioned,pass,"zSYS - Refurb Checklist (old version, 07-03-24)",checklist,FALSE,FALSE,Auckland,Arvida - Refurbs,Parklane,Job #55930,1. Completed Refurbs,Clubhouse Refurbishment - Stage 1 - CC #55930-23116,Parklane - Clubhouse Refurbishment Stage 1 - Refurb Checklist,,
226b46aa-0572-4f97-a77d-4122af21ed4a,,checklist-sectioned,pass,"zSYS - Refurb Checklist (old version, 07-03-24)",checklist,FALSE,FALSE,Auckland,Arvida - Refurbs,Parklane,Job #55930,1. Completed Refurbs,Clubhouse Refurbishment - Stage 2 - CC #55930-27932,Parklane - Clubhouse Refurbishment Stage 2 - Refurb Checklist,,
6e71da8f-80d7-43cf-a016-0bade5a6d90a,,checklist-sectioned,pass,"zSYS - Refurb Checklist (old version, 07-03-24)",checklist,FALSE,FALSE,Auckland,Arvida - Refurbs,Parklane,Job #55930,1. Completed Refurbs,Villa 42 Refurbishment - CC #55930-23455,Parklane - Villa 42 Refurbishment - Refurb Checklist,,
6ce83ce3-5c0c-4e5c-a180-efd216114e05,,checklist-sectioned,pass,"zSYS - Refurb Checklist (old version, 07-03-24)",checklist,FALSE,FALSE,Auckland,Arvida - Refurbs,Parklane,Job #55930,1. Completed Refurbs,Villa 43 Refurbishment - CC #55930-27157,Parklane - Villa 43 Refurbishment - Refurb Checklist,,
22310cee-2954-47ba-9131-664c7323f553,,checklist-sectioned,pass,"zSYS - Refurb Checklist (old version, 07-03-24)",checklist,FALSE,FALSE,Auckland,Arvida - Refurbs,Parklane,Job #55930,1. Completed Refurbs,Villa 47 Refurbishment - CC #55930-26804,Parklane - Villa 47 Refurbishment - Refurb Checklist,,
ab9b181e-a256-4df9-8aee-aec40c5b6b5c,,checklist-sectioned,pass,"zSYS - Refurb Checklist (old version, 07-03-24)",checklist,FALSE,FALSE,Auckland,Arvida - Refurbs,Parklane,Job #55930,1. Completed Refurbs,Villa 48 Refurbishment - CC #55930-26805,Parklane - Villa 48 Refurbishment - Refurb Checklist,,
a7962ce6-4f38-473b-bb09-348726386401,,checklist-sectioned,pass,"zSYS - Refurb Checklist (old version, 07-03-24)",checklist,FALSE,FALSE,Auckland,Arvida - Refurbs,Parklane,Job #55930,1. Completed Refurbs,Villa 49 Refurbishment - CC #55930-27158,Parklane - Villa 49 Refurbishment - Refurb Checklist,,
b4e55402-c279-4294-b560-226b42151313,,checklist-sectioned,pass,"zSYS - Refurb Checklist (old version, 07-03-24)",checklist,FALSE,FALSE,Auckland,Arvida - Refurbs,Parklane,Job #55930,1. Completed Refurbs,Villa 51 Refurbishment - CC #55930-27159,Parklane - Villa 51 Refurbishment - Refurb Checklist,,
4fd2f837-f9d5-4dd9-9c29-afb956866f88,,checklist-sectioned,pass,"zSYS - Refurb Checklist (old version, 07-03-24)",checklist,FALSE,FALSE,Auckland,Arvida - Refurbs,Parklane,Job #55930,1. Completed Refurbs,Villa 59 Refurbishment - CC #55930-30494,Parklane - Villa 59 Refurbishment - Refurb Checklist,,
0ef3263f-d189-44a6-bfb9-1e041cef484f,,checklist-sectioned,pass,"zSYS - Refurb Checklist (old version, 07-03-24)",checklist,FALSE,FALSE,Auckland,Arvida - Refurbs,Parklane,Job #55930,1. Completed Refurbs,Villa 64 Refurbishment - CC #55930-26807,Parklane - Villa 64 Refurbishment - Refurb Checklist,,
a3371f07-8bc3-44e8-b3c1-9dae2cce076f,,checklist-sectioned,pass,"zSYS - Refurb Checklist (old version, 07-03-24)",checklist,FALSE,FALSE,Auckland,Arvida - Refurbs,Parklane,Job #55930,1. Completed Refurbs,Villa 66 Refurbishment - CC #55930-28963,Parklane - Villa 66 Refurbishment - Refurb Checklist,,
f2e298ba-6d38-441f-9588-44a69ae6131f,,checklist-sectioned,pass,"zSYS - Refurb Checklist (old version, 07-03-24)",checklist,FALSE,FALSE,Auckland,Arvida - Refurbs,Parklane,Job #55930,1. Completed Refurbs,Villa 72 Refurbishment - CC #55930-27723,Parklane - Villa 72 Refurbishment - Refurb Checklist,,
6e673156-e1fa-4a17-b943-c26ecd039a01,,checklist-sectioned,pass,"zSYS - Refurb Checklist (old version, 07-03-24)",checklist,FALSE,FALSE,Auckland,Arvida - Refurbs,Parklane,Job #55930,1. Completed Refurbs,Villa 73 Refurbishment - CC #55930-27160,Parklane - Villa 73 Refurbishment - Refurb Checklist,,
55a168b3-7180-4e82-a12c-5fda681e76bf,,checklist-sectioned,pass,"zSYS - Refurb Checklist (old version, 07-03-24)",checklist,FALSE,FALSE,Auckland,Arvida - Refurbs,Parklane,Job #55930,1. Completed Refurbs,Villa 74 Refurbishment - CC #55930-23456,Parklane - Villa 74 Refurbishment - Refurb Checklist,,
52f7a504-a77b-444d-811f-ffe52a1c0de3,,checklist-sectioned,pass,"zSYS - Refurb Checklist (old version, 07-03-24)",checklist,FALSE,FALSE,Auckland,Arvida - Refurbs,Parklane,Job #55930,1. Completed Refurbs,Villa 76 Refurbishment - CC #55930-25271,Parklane - Villa 76 Refurbishment - Refurb Checklist,,
6ba621bc-e96b-4cf9-94ee-31c46b129312,,checklist-sectioned,pass,"zSYS - Refurb Checklist (old version, 07-03-24)",checklist,FALSE,FALSE,Auckland,Arvida - Refurbs,Parklane,Job #55930,1. Completed Refurbs,Villa 77 Refurbishment - CC #55930-26625,Parklane - Villa 77 Refurbishment - Refurb Checklist,,
ef1875af-7993-4354-acb3-07aa9b7be583,,checklist-sectioned,pass,"zSYS - Refurb Checklist (old version, 07-03-24)",checklist,FALSE,FALSE,Auckland,Arvida - Refurbs,Parklane,Job #55930,1. Completed Refurbs,Villa 78 Refurbishment - CC #55930-26626,Parklane - Villa 78 Refurbishment - Refurb Checklist,,
cd017667-4a27-4d62-a5ed-a0cadf75dcb0,,checklist-sectioned,pass,"zSYS - Refurb Checklist (old version, 07-03-24)",checklist,FALSE,FALSE,Auckland,Arvida - Refurbs,Parklane,Job #55930,1. Completed Refurbs,Villa 79 Refurbishment - CC #55930-27724,Parklane - Villa 79 Refurbishment - Refurb Checklist,,
ec3dd09b-f759-4fb0-a08e-50f21d019c46,,checklist-sectioned,pass,"zSYS - Refurb Checklist (old version, 07-03-24)",checklist,FALSE,FALSE,Auckland,Arvida - Refurbs,Parklane,Job #55930,1. Completed Refurbs,Villa 81 Refurbishment - CC #55930-26808,Parklane - Villa 81 Refurbishment - Refurb Checklist,,
ca33f0ea-5b2b-4b71-a4aa-6e347d097285,,checklist-sectioned,pass,"zSYS - Refurb Checklist (old version, 07-03-24)",checklist,FALSE,FALSE,Auckland,Arvida - Refurbs,Parklane,Job #55930,1. Completed Refurbs,Villa 82 Refurbishment - CC #55930-27725,Parklane - Villa 82 Refurbishment - Refurb Checklist,,
6e16f65b-c91d-4763-a188-1087431621db,,checklist-sectioned,pass,"zSYS - Refurb Checklist (old version, 07-03-24)",checklist,FALSE,FALSE,Auckland,Arvida - Refurbs,Parklane,Job #55930,1. Completed Refurbs,Villa 83 Refurbishment - CC #55930-27161,Parklane - Villa 83 Refurbishment - Refurb Checklist,,
999bf3b6-b18d-44c9-8587-0d53f3dc93a0,,checklist-sectioned,pass,"zSYS - Refurb Checklist (old version, 07-03-24)",checklist,FALSE,FALSE,Auckland,Arvida - Refurbs,Parklane,Job #55930,1. Completed Refurbs,Villa 86 Refurbishment - CC #55930-26809,Parklane - Villa 86 Refurbishment - Refurb Checklist,,
46fec3ac-6b01-43b1-8b2f-ade26ceec1c5,,checklist-sectioned,pass,"zSYS - Refurb Checklist (old version, 07-03-24)",checklist,FALSE,FALSE,Auckland,Arvida - Refurbs,Parklane,Job #55930,1. Completed Refurbs,Villa 87 Refurbishment - CC #55930-27575,Parklane - Villa 87 Refurbishment - Refurb Checklist,,
6824504f-2546-4a67-8b7d-56ea791fcd0e,,checklist-sectioned,work-in-progress,"zSYS - Refurb Checklist (old version, 07-03-24)",checklist,FALSE,FALSE,Auckland,Arvida - Refurbs,Parklane,Job #55930,Villa 33 Refurbishment - CC #55930-32590,Parklane - Villa 33 Refurbishment - Refurb Checklist,,,
2ae014dc-a2e2-49fa-afa3-20cddf20d63a,,checklist-sectioned,pass,"zSYS - Refurb Checklist (old version, 07-03-24)",checklist,FALSE,FALSE,Auckland,Arvida - Refurbs,Parklane,Job #55930,Villa 44 Refurbishment - CC #55930-27729,Parklane - Villa 44 Refurbishment - Refurb Checklist,,,
f1629a4d-75a4-4b5a-9eb3-c357b5299272,,checklist-sectioned,pass,"zSYS - Refurb Checklist (old version, 07-03-24)",checklist,FALSE,FALSE,Auckland,Arvida - Refurbs,Parklane,Job #55930,Villa 75 Refurbishment - CC #55930-27730,Parklane - Villa 75 Refurbishment - Refurb Checklist,,,
91c761b1-b6e5-4326-a369-a48568f0f276,,checklist-sectioned,pass,"zSYS - Refurb Checklist (old version, 07-03-24)",checklist,FALSE,FALSE,Auckland,Arvida - Refurbs,Parklane,Job #55930,Villa 80 Refurbishment - CC #55930-27731,Parklane - Villa 80 Refurbishment - Refurb Checklist,,,
41465524-0fba-43fe-8250-313b8c7e267f,,checklist-sectioned,work-in-progress,"zSYS - Refurb Checklist (old version, 07-03-24)",checklist,FALSE,FALSE,Auckland,Arvida - Refurbs,Parklane,Job #55930,Villa 84 Refurbishment - CC #55930-27726,Parklane - Villa 84 Refurbishment - Refurb Checklist,,,
7510a3fe-19b1-4767-90e5-558d9a60cc16,,checklist-sectioned,work-in-progress,"zSYS - Refurb Checklist (old version, 07-03-24)",checklist,FALSE,FALSE,Auckland,Arvida - Refurbs,Parklane,Job #55930,Villa 85 Refurbishment - CC #55930-27732,Parklane - Villa 85 Refurbishment - Refurb Checklist,,,
4ebb6912-e45b-4234-9243-19564fdf04c3,,checklist-sectioned,work-in-progress,"zSYS - Refurb Checklist (old version, 07-03-24)",checklist,FALSE,FALSE,Auckland,Arvida - Refurbs,Parklane,Job #55930,Villa 88 Refurbishment - CC #55930-27733,Parklane - Villa 88 Refurbishment - Refurb Checklist,,,
edbc894e-202e-4ace-bc0b-487a8780abce,,checklist-sectioned,not-started,"zSYS - Refurb Checklist (old version, 07-03-24)",checklist,FALSE,FALSE,Auckland,Arvida - Refurbs,Parklane,Job #55930,Villa 89 Refurbishment - CC #55930-27734,Parklane - Villa 89 Refurbishment - Refurb Checklist,,,
114b8f5b-6b5b-4921-a768-e57effc63397,,checklist-sectioned,work-in-progress,"zSYS - Refurb Checklist (old version, 07-03-24)",checklist,FALSE,FALSE,Auckland,Arvida - Refurbs,Parklane,Job #55930,Villa 90 Refurbishment - CC #55930-30495,Parklane - Villa 90 Refurbishment - Refurb Checklist,,,
b82e13fe-3886-4cdd-96ff-bf8cfaf39495,,checklist-sectioned,work-in-progress,"zSYS - Refurb Checklist (old version, 07-03-24)",checklist,FALSE,FALSE,Auckland,Arvida - Refurbs,Parklane,Villa 69 - Job #63059,Parklane - Villa 69 - Refurb Checklist,,,,
0365bca6-c605-4f99-a64d-2cb30fcf1b74,,checklist-sectioned,pass,"zSYS - Refurb Checklist (old version, 07-03-24)",checklist,FALSE,FALSE,Auckland,Arvida - Refurbs,Peninsula Club,1. Completed Refurbs,Villa 19 - Job #58726,Peninsula Club - Villa 19 - Refurb Checklist,,,
55553901-2da0-41b0-816d-02c97749e044,,checklist-sectioned,pass,"zSYS - Refurb Checklist (old version, 07-03-24)",checklist,FALSE,FALSE,Auckland,Arvida - Refurbs,Peninsula Club,1. Completed Refurbs,Villa 61 - Job #58169,Peninsula Club - Villa 61 - Refurb Checklist,,,
a611b7ef-25f7-4033-9ae5-196efa84f32b,,checklist-sectioned,pass,"zSYS - Refurb Checklist (old version, 07-03-24)",checklist,FALSE,FALSE,Auckland,Arvida - Refurbs,Peninsula Club,1. Completed Refurbs,Villa 102 - Job #61464,Peninsula Club - Villa 102 - Refurb Checklist,,,
082937fc-02e8-4130-8aa3-a25d160d3953,,checklist-sectioned,pass,"zSYS - Refurb Checklist (old version, 07-03-24)",checklist,FALSE,FALSE,Auckland,Arvida - Refurbs,Peninsula Club,1. Completed Refurbs,Villa 105 - Job #57463,Peninsula Club - Villa 105 - Refurb Checklist,,,
4d3ba127-151e-4146-b9d3-945dd45f0ece,,checklist-sectioned,not-started,"zSYS - Refurb Checklist (old version, 07-03-24)",checklist,FALSE,FALSE,Auckland,Arvida - Refurbs,Peninsula Club,Apartment 306 - Job #63446,Peninsula Club - Apartment 306 - Refurb Checklist,,,,
d9241bda-171e-46e1-9d77-34549c6ca78f,,checklist-sectioned,work-in-progress,"zSYS - Refurb Checklist (old version, 07-03-24)",checklist,FALSE,FALSE,Auckland,Arvida - Refurbs,Peninsula Club,Apartment 419 - Job #62775,Peninsula Club - Apartment 419 - Refurb Checklist,,,,
9664f681-f956-4aba-b939-8977b2c4271e,,checklist-sectioned,work-in-progress,"zSYS - Refurb Checklist (old version, 07-03-24)",checklist,FALSE,FALSE,Auckland,Arvida - Refurbs,Peninsula Club,Apartment 505 - Job #62777,Peninsula Club - Apartment 505 - Refurb Checklist,,,,
c0aa5474-f9b2-415d-8b75-5620cb72bedd,,checklist-sectioned,not-started,"zSYS - Refurb Checklist (old version, 07-03-24)",checklist,FALSE,FALSE,Auckland,Arvida - Refurbs,Peninsula Club,Villa 133 - Job #63971,Peninsula Club - Villa 133 - Refurb Checklist,,,,
b561dd35-6f77-4658-9f48-b365215713ee,,checklist-sectioned,pass,"zSYS - Refurb Checklist (old version, 07-03-24)",checklist,FALSE,FALSE,Auckland,CHT - Refurbs,CHT St Christophers,1. Completed Refurbs,Dining Hall and Family Area - Job #57375,CHT St Christophers - Dining Hall and Family Area - Refurb Checklist,,,
8a7dfc15-a9b2-427f-ad59-621e6ae80cd1,,checklist-sectioned,pass,"zSYS - Refurb Checklist (old version, 07-03-24)",checklist,FALSE,FALSE,Auckland,CHT - Refurbs,CHT St Christophers,1. Completed Refurbs,Old Nurses Station and Main Lounge - Job #58721,CHT St Christophers - Old Nurses Station and Main Lounge - Refurb Checklist,,,
3000da31-2ce4-4e84-a2cc-2fdb1bc3a503,,checklist-sectioned,pass,"zSYS - Refurb Checklist (old version, 07-03-24)",checklist,FALSE,FALSE,Auckland,Ryman Healthcare - Refurbs,Bruce McLaren,1. Completed Refurbs,IA 160 - Job #59514,Bruce McLaren - IA 160 - Refurb Checklist,,,
0205e614-532f-4fe5-bdb0-5533a58cb421,,checklist-sectioned,pass,"zSYS - Refurb Checklist (old version, 07-03-24)",checklist,FALSE,FALSE,Auckland,Ryman Healthcare - Refurbs,Bruce McLaren,1. Completed Refurbs,IA 209 - Job #59516,Bruce McLaren - IA 209 - Refurb Checklist,,,
b68876b7-5e8f-4cff-a269-866ffcadbcc4,,checklist-sectioned,pass,"zSYS - Refurb Checklist (old version, 07-03-24)",checklist,FALSE,FALSE,Auckland,Ryman Healthcare - Refurbs,Bruce McLaren,1. Completed Refurbs,IA 249 - Job #61583,Bruce McLaren - IA 249 - Refurb Checklist,,,
0dd7c4e0-9c16-429a-b161-6a53b0f6301a,,checklist-sectioned,pass,"zSYS - Refurb Checklist (old version, 07-03-24)",checklist,FALSE,FALSE,Auckland,Ryman Healthcare - Refurbs,Bruce McLaren,1. Completed Refurbs,IA 261 - Job #58773,Bruce McLaren - IA 261 - Refurb Checklist,,,
71a2b40f-6357-4811-8109-c4c906514681,,checklist-sectioned,pass,"zSYS - Refurb Checklist (old version, 07-03-24)",checklist,FALSE,FALSE,Auckland,Ryman Healthcare - Refurbs,Bruce McLaren,1. Completed Refurbs,IA 297 - Job #60414,Bruce McLaren - IA 297 - Refurb Checklist,,,
2d31389c-1c03-4daf-9a10-5a3aec974db4,,checklist-sectioned,pass,"zSYS - Refurb Checklist (old version, 07-03-24)",checklist,FALSE,FALSE,Auckland,Ryman Healthcare - Refurbs,Bruce McLaren,1. Completed Refurbs,IA 348 - Job #61584,Bruce McLaren - IA 348 - Refurb Checklist,,,
543126dc-d4e7-4740-8d3e-c72ddc745991,,checklist-sectioned,pass,"zSYS - Refurb Checklist (old version, 07-03-24)",checklist,FALSE,FALSE,Auckland,Ryman Healthcare - Refurbs,Bruce McLaren,1. Completed Refurbs,IA 476 - Job #58772,Bruce McLaren - IA 476 - Refurb Checklist,,,
b014e7e1-2a1c-4635-aa4c-4df0a129728b,,checklist-sectioned,pass,"zSYS - Refurb Checklist (old version, 07-03-24)",checklist,FALSE,FALSE,Auckland,Ryman Healthcare - Refurbs,Edmund Hillary,1. Completed Refurbs,IA 156 - Job #59226,Edmund Hillary - IA 156 - Refurb Checklist,,,
e6668309-2de6-431c-938e-6b02fcfa5cf5,,checklist-sectioned,pass,"zSYS - Refurb Checklist (old version, 07-03-24)",checklist,FALSE,FALSE,Auckland,Ryman Healthcare - Refurbs,Edmund Hillary,1. Completed Refurbs,IA 174 - Job #61175,Edmund Hillary - IA 174 - Refurb Checklist,,,
297c1034-f82b-41b2-bf53-040f9411a33f,,checklist-sectioned,pass,"zSYS - Refurb Checklist (old version, 07-03-24)",checklist,FALSE,FALSE,Auckland,Ryman Healthcare - Refurbs,Edmund Hillary,1. Completed Refurbs,IA 192 - Job #57234,Edmund Hillary - IA 192 - Refurb Checklist,,,
b39c5267-bf36-4b51-b6fd-5b375fa3b0a6,,checklist-sectioned,pass,"zSYS - Refurb Checklist (old version, 07-03-24)",checklist,FALSE,FALSE,Auckland,Ryman Healthcare - Refurbs,Edmund Hillary,1. Completed Refurbs,IA 243 - Job #58098,Edmund Hillary - IA 243 - Refurb Checklist,,,
549a4602-40d5-40b4-97d5-c9befc623ff9,,checklist-sectioned,pass,"zSYS - Refurb Checklist (old version, 07-03-24)",checklist,FALSE,FALSE,Auckland,Ryman Healthcare - Refurbs,Edmund Hillary,1. Completed Refurbs,IA 334 - Job #58965,Edmund Hillary - IA 334 - Refurb Checklist,,,
f841fa34-c218-4580-bcab-8b57d900dcf8,,checklist-sectioned,pass,"zSYS - Refurb Checklist (old version, 07-03-24)",checklist,FALSE,FALSE,Auckland,Ryman Healthcare - Refurbs,Edmund Hillary,1. Completed Refurbs,IA 337 - Job #59956,Edmund Hillary - IA 337 - Refurb Checklist,,,
4335e24e-d656-4aca-a824-7c7b25495cd5,,checklist-sectioned,pass,"zSYS - Refurb Checklist (old version, 07-03-24)",checklist,FALSE,FALSE,Auckland,Ryman Healthcare - Refurbs,Edmund Hillary,1. Completed Refurbs,IA 380 - Job #60597,Edmund Hillary - IA 380 - Refurb Checklist,,,
b8987c28-99af-46e4-b428-371a7d22e96a,,checklist-sectioned,pass,"zSYS - Refurb Checklist (old version, 07-03-24)",checklist,FALSE,FALSE,Auckland,Ryman Healthcare - Refurbs,Edmund Hillary,1. Completed Refurbs,IA 424 - Job #61388,Edmund Hillary - IA 424 - Refurb Checklist,,,
1a250b9b-7829-4ce6-b627-6f169ff7ec8d,,checklist-sectioned,pass,"zSYS - Refurb Checklist (old version, 07-03-24)",checklist,FALSE,FALSE,Auckland,Ryman Healthcare - Refurbs,Edmund Hillary,1. Completed Refurbs,IA 426 - Job #59211,Edmund Hillary - IA 426 - Refurb Checklist,,,
44722d52-43af-4801-bb3e-5464688ac40a,,checklist-sectioned,pass,"zSYS - Refurb Checklist (old version, 07-03-24)",checklist,FALSE,FALSE,Auckland,Ryman Healthcare - Refurbs,Edmund Hillary,1. Completed Refurbs,TH 81 - Job #61713,Edmund Hillary - TH 81 - Refurb Checklist,,,
fd66d147-2ceb-404d-9600-3334203c4e1e,,checklist-sectioned,pass,"zSYS - Refurb Checklist (old version, 07-03-24)",checklist,FALSE,FALSE,Auckland,Ryman Healthcare - Refurbs,Edmund Hillary,1. Completed Refurbs,SA 204 - Job #58496,Edmund Hillary - SA 204 - Refurb Checklist,,,
840b7c0e-abf5-40b7-a953-63f9658fb793,,checklist-sectioned,pass,"zSYS - Refurb Checklist (old version, 07-03-24)",checklist,FALSE,FALSE,Auckland,Ryman Healthcare - Refurbs,Edmund Hillary,1. Completed Refurbs,SA 211 - Job #60594,Edmund Hillary - SA 211 - Refurb Checklist,,,
7033743d-94da-419d-a141-e3b94d2107f8,,checklist-sectioned,pass,"zSYS - Refurb Checklist (old version, 07-03-24)",checklist,FALSE,FALSE,Auckland,Ryman Healthcare - Refurbs,Edmund Hillary,1. Completed Refurbs,SA 308 - Job #58777,Edmund Hillary - SA 308 - Refurb Checklist,,,
e9a60f68-0854-4c9c-aab8-f0ebe69d1034,,checklist-sectioned,pass,"zSYS - Refurb Checklist (old version, 07-03-24)",checklist,FALSE,FALSE,Auckland,Ryman Healthcare - Refurbs,Edmund Hillary,1. Completed Refurbs,SA 311 - Job #59341,Edmund Hillary - SA 311 - Refurb Checklist,,,
90ea39ce-fc5e-4419-ba19-6182f61d35b8,,checklist-sectioned,pass,"zSYS - Refurb Checklist (old version, 07-03-24)",checklist,FALSE,FALSE,Auckland,Ryman Healthcare - Refurbs,Edmund Hillary,1. Completed Refurbs,SA 318 - Job #57847,Edmund Hillary - SA 318 - Refurb Checklist,,,
0eaad17b-92b6-4248-8dfb-ab36cf3da93a,,checklist-sectioned,pass,"zSYS - Refurb Checklist (old version, 07-03-24)",checklist,FALSE,FALSE,Auckland,Ryman Healthcare - Refurbs,Edmund Hillary,1. Completed Refurbs,TH 22 - Job #60112,Edmund Hillary - TH 22 - Refurb Checklist,,,
93e49637-a3e0-4283-b46a-887596e2010c,,checklist-sectioned,pass,"zSYS - Refurb Checklist (old version, 07-03-24)",checklist,FALSE,FALSE,Auckland,Ryman Healthcare - Refurbs,Edmund Hillary,1. Completed Refurbs,TH 55 - Job #57270,Edmund Hillary - TH 55 - Refurb Checklist,,,
80e21cb0-10d7-4f0f-bfe0-80fe64289756,,checklist-sectioned,pass,"zSYS - Refurb Checklist (old version, 07-03-24)",checklist,FALSE,FALSE,Auckland,Ryman Healthcare - Refurbs,Edmund Hillary,1. Completed Refurbs,TH 62 - Job #60201,Edmund Hillary - TH 62 - Refurb Checklist,,,
d9cf285a-d7a3-491f-9013-d8c54adc7551,,checklist-sectioned,work-in-progress,"zSYS - Refurb Checklist (old version, 07-03-24)",checklist,FALSE,FALSE,Auckland,Ryman Healthcare - Refurbs,Edmund Hillary,IA 151 - Job #63929,Edmund Hilary - IA 151 - Refurb Checklist,,,,
9b638597-4135-41d9-b69b-d81c149038e2,,checklist-sectioned,work-in-progress,"zSYS - Refurb Checklist (old version, 07-03-24)",checklist,FALSE,FALSE,Auckland,Ryman Healthcare - Refurbs,Edmund Hillary,IA 183 - Job #63060,Edmund Hillary - IA 183 - Refurb Checklist,,,,
78a900ff-f911-4e11-8b9b-d5a0595fe505,,checklist-sectioned,work-in-progress,"zSYS - Refurb Checklist (old version, 07-03-24)",checklist,FALSE,FALSE,Auckland,Ryman Healthcare - Refurbs,Edmund Hillary,IA 324 - Job #63340,Edmund Hillary - IA 324 - Refurb Checklist,,,,
a7843502-4726-48fa-bf88-4e0cd1531a6f,,checklist-sectioned,work-in-progress,"zSYS - Refurb Checklist (old version, 07-03-24)",checklist,FALSE,FALSE,Auckland,Ryman Healthcare - Refurbs,Edmund Hillary,IA 438 - Job #63876,Edmund Hillary - IA 438 - Refurb Checklist,,,,
607cbc86-9a4d-4ac6-9269-79b8728efbf5,,checklist-sectioned,work-in-progress,"zSYS - Refurb Checklist (old version, 07-03-24)",checklist,FALSE,FALSE,Auckland,Ryman Healthcare - Refurbs,Edmund Hillary,IA 449 - Job #63136,Edmund Hillary - IA 449 - Refurb Checklist,,,,
d1cceea4-fb12-49e5-88a5-0e6cdca605b0,,checklist-sectioned,not-started,"zSYS - Refurb Checklist (old version, 07-03-24)",checklist,FALSE,FALSE,Auckland,Ryman Healthcare - Refurbs,Edmund Hillary,IA374 - Job 63043,Edmund Hilary - IA374 - Refurb Checklist,,,,
0604061d-0cdd-4bb2-b8e8-2771aaa4fb39,,checklist-sectioned,work-in-progress,"zSYS - Refurb Checklist (old version, 07-03-24)",checklist,FALSE,FALSE,Auckland,Ryman Healthcare - Refurbs,Edmund Hillary,SA 112 - Job #62754,Edmund Hillary - SA 112 - Refurb Checklist,,,,
38f01aaa-deee-4d2d-a638-de85a9aae0b4,,checklist-sectioned,work-in-progress,"zSYS - Refurb Checklist (old version, 07-03-24)",checklist,FALSE,FALSE,Auckland,Ryman Healthcare - Refurbs,Edmund Hillary,SA 212 - Job #63830,Edmund Hillary - SA 212 - Refurb Checklist,,,,
ea625991-c59a-44dd-b87f-5f98b175c664,,checklist-sectioned,work-in-progress,"zSYS - Refurb Checklist (old version, 07-03-24)",checklist,FALSE,FALSE,Auckland,Ryman Healthcare - Refurbs,Edmund Hillary,TH 31 - Job #63330,Edmund Hillary - TH 31 - Refurb Checklist,,,,
b9fab018-162e-473a-8cb1-1ea1ef05fb54,,checklist-sectioned,work-in-progress,"zSYS - Refurb Checklist (old version, 07-03-24)",checklist,FALSE,FALSE,Auckland,Ryman Healthcare - Refurbs,Edmund Hillary,TH 45 - Job #62074,Edmund Hillary - TH 45 - Refurb Checklist,,,,
774aac83-7622-4842-8783-61fcabeb3187,,checklist-sectioned,pass,"zSYS - Refurb Checklist (old version, 07-03-24)",checklist,FALSE,FALSE,Auckland,Ryman Healthcare - Refurbs,Evelyn Page,1. Completed Refurbs,IA 334 - Job #58965,Evelyn Page - IA 334 - Refurb Checklist,,,
39375d04-e131-4c4e-a438-40e623ecd8e7,,checklist-sectioned,pass,"zSYS - Refurb Checklist (old version, 07-03-24)",checklist,FALSE,FALSE,Auckland,Ryman Healthcare - Refurbs,Evelyn Page,1. Completed Refurbs,IA A92 - Job #59227,Evelyn Page - IA A92 - Refurb Checklist,,,
e63ec7db-297c-4dba-a342-d39d5f680224,,checklist-sectioned,pass,"zSYS - Refurb Checklist (old version, 07-03-24)",checklist,FALSE,FALSE,Auckland,Ryman Healthcare - Refurbs,Evelyn Page,1. Completed Refurbs,IA A112 - Job #58775,Evelyn Page - IA A112 - Refurb Checklist,,,
1fae1430-e9e3-4290-8ce9-09cb11555fc3,,checklist-sectioned,pass,"zSYS - Refurb Checklist (old version, 07-03-24)",checklist,FALSE,FALSE,Auckland,Ryman Healthcare - Refurbs,Evelyn Page,1. Completed Refurbs,IA B49 - Job #58844,Evelyn Page - IA B49 - Refurb Checklist,,,
255df7c3-40ee-4f0f-82ad-9ef125943a12,,checklist-sectioned,pass,"zSYS - Refurb Checklist (old version, 07-03-24)",checklist,FALSE,FALSE,Auckland,Ryman Healthcare - Refurbs,Evelyn Page,1. Completed Refurbs,IA B71 - Job #58348,Evelyn Page - IA B71 - Refurb Checklist,,,
76a04b70-6aa8-4baa-bd8f-5749fd092ce7,,checklist-sectioned,pass,"zSYS - Refurb Checklist (old version, 07-03-24)",checklist,FALSE,FALSE,Auckland,Ryman Healthcare - Refurbs,Evelyn Page,1. Completed Refurbs,IA B79 - Job #58349,Evelyn Page - IA B79 - Refurb Checklist,,,
c3029a61-3ad4-4f2f-a767-46a88493c83e,,checklist-sectioned,pass,"zSYS - Refurb Checklist (old version, 07-03-24)",checklist,FALSE,FALSE,Auckland,Ryman Healthcare - Refurbs,Evelyn Page,1. Completed Refurbs,IA B84 - Job #57418,Evelyn Page - IA B84 - Refurb Checklist,,,
2c3026cf-6915-45b4-932c-e614b5342d72,,checklist-sectioned,pass,"zSYS - Refurb Checklist (old version, 07-03-24)",checklist,FALSE,FALSE,Auckland,Ryman Healthcare - Refurbs,Evelyn Page,1. Completed Refurbs,IA B101 - Job #59379,Evelyn Page - IA B101 - Refurb Checklist,,,
4ee3d0c9-2cbe-4c3f-990b-a231dc8d3ff9,,checklist-sectioned,pass,"zSYS - Refurb Checklist (old version, 07-03-24)",checklist,FALSE,FALSE,Auckland,Ryman Healthcare - Refurbs,Evelyn Page,1. Completed Refurbs,IA C55 - Job #58556,Evelyn Page - IA C55 - Refurb Checklist,,,
7ea820bd-d287-4c20-84d2-f2a027a2274e,,checklist-sectioned,pass,"zSYS - Refurb Checklist (old version, 07-03-24)",checklist,FALSE,FALSE,Auckland,Ryman Healthcare - Refurbs,Evelyn Page,1. Completed Refurbs,IA C71 - Job #61581,Evelyn Page - IA C71 - Refurb Checklist,,,
46b76f17-7527-4b10-9460-ef4b612ea03a,,checklist-sectioned,pass,"zSYS - Refurb Checklist (old version, 07-03-24)",checklist,FALSE,FALSE,Auckland,Ryman Healthcare - Refurbs,Evelyn Page,1. Completed Refurbs,IA C85 - Job #60846,Evelyn Page - IA C85 - Refurb Checklist,,,
7f68d146-9b6c-4bcc-aed6-f4571bc7495c,,checklist-sectioned,pass,"zSYS - Refurb Checklist (old version, 07-03-24)",checklist,FALSE,FALSE,Auckland,Ryman Healthcare - Refurbs,Evelyn Page,1. Completed Refurbs,IA C86 - Job #59193,Evelyn Page - IA C86 - Refurb Checklist,,,
f34fa2f5-bc31-42c7-9944-6464aa9fd2a1,,checklist-sectioned,pass,"zSYS - Refurb Checklist (old version, 07-03-24)",checklist,FALSE,FALSE,Auckland,Ryman Healthcare - Refurbs,Evelyn Page,1. Completed Refurbs,IA C90 - Job #56653,Evelyn Page - C90 - Refurb Checklist,,,
6c939ca5-8354-4905-8457-4118ce6a48b0,,checklist-sectioned,pass,"zSYS - Refurb Checklist (old version, 07-03-24)",checklist,FALSE,FALSE,Auckland,Ryman Healthcare - Refurbs,Evelyn Page,1. Completed Refurbs,IA C93 - Job #60847,Evelyn Page - IA C93 - Refurb Checklist,,,
ebd62bd4-1598-482e-a639-9c0b913f3fea,,checklist-sectioned,pass,"zSYS - Refurb Checklist (old version, 07-03-24)",checklist,FALSE,FALSE,Auckland,Ryman Healthcare - Refurbs,Evelyn Page,1. Completed Refurbs,IA C95 - Job #57637,Evelyn Page - IA C95 - Refurb Checklist,,,
60bce1b9-eaba-40d8-a404-76227b5d2783,,checklist-sectioned,pass,"zSYS - Refurb Checklist (old version, 07-03-24)",checklist,FALSE,FALSE,Auckland,Ryman Healthcare - Refurbs,Evelyn Page,1. Completed Refurbs,SA 112 - Job #57849,Evelyn Page - SA 112 - Refurb Checklist,,,
5969bcea-aa7d-4f2f-80cd-299d4b21cdf3,,checklist-sectioned,pass,"zSYS - Refurb Checklist (old version, 07-03-24)",checklist,FALSE,FALSE,Auckland,Ryman Healthcare - Refurbs,Evelyn Page,1. Completed Refurbs,SA 209 - Job #59195,Evelyn Page - SA 209 - Refurb Checklist,,,
6f2aa884-23b7-4929-a60c-efe810fc4a2e,,checklist-sectioned,pass,"zSYS - Refurb Checklist (old version, 07-03-24)",checklist,FALSE,FALSE,Auckland,Ryman Healthcare - Refurbs,Evelyn Page,1. Completed Refurbs,SA 211 - Job #58776,Evelyn Page - SA 211 - Refurb Checklist,,,
edb502cf-0abc-4ec5-92bc-227727706da9,,checklist-sectioned,pass,"zSYS - Refurb Checklist (old version, 07-03-24)",checklist,FALSE,FALSE,Auckland,Ryman Healthcare - Refurbs,Evelyn Page,1. Completed Refurbs,SA 214 - Job #58133,Evelyn Page - SA 214 - Refurb Checklist,,,
666a7b7b-1cda-4de7-8f3d-b0adf00fbf3f,,checklist-sectioned,pass,"zSYS - Refurb Checklist (old version, 07-03-24)",checklist,FALSE,FALSE,Auckland,Ryman Healthcare - Refurbs,Evelyn Page,1. Completed Refurbs,SA 304 - Job #57419,Evelyn Page - SA 304 - Refurb Checklist,,,
6980a2bf-85bb-406c-a962-fe054336da59,,checklist-sectioned,pass,"zSYS - Refurb Checklist (old version, 07-03-24)",checklist,FALSE,FALSE,Auckland,Ryman Healthcare - Refurbs,Evelyn Page,1. Completed Refurbs,SA 309 - Job #60845,Evelyn Page - SA 309 - Refurb Checklist,,,
13e46a06-6472-4609-ac90-6dc37d648fe1,,checklist-sectioned,pass,"zSYS - Refurb Checklist (old version, 07-03-24)",checklist,FALSE,FALSE,Auckland,Ryman Healthcare - Refurbs,Evelyn Page,1. Completed Refurbs,SA 311 - Job #57639,Evelyn Page - SA 311 - Refurb Checklist,,,
fd8c1df1-96a9-49a2-8c6e-ee64dee76eeb,,checklist-sectioned,pass,"zSYS - Refurb Checklist (old version, 07-03-24)",checklist,FALSE,FALSE,Auckland,Ryman Healthcare - Refurbs,Evelyn Page,1. Completed Refurbs,SA 319 - Job #58557,Evelyn Page - SA 319 - Refurb Checklist,,,
93f62665-3c2a-4297-81d5-1c578d9fb62a,,checklist-sectioned,work-in-progress,"zSYS - Refurb Checklist (old version, 07-03-24)",checklist,FALSE,FALSE,Auckland,Ryman Healthcare - Refurbs,Evelyn Page,IA A52 - Job #63308,Evelyn Page - IA A52 - Refurb Checklist,,,,
7ae6e58a-7431-4bc8-9fe8-c0783bdec92a,,checklist-sectioned,work-in-progress,"zSYS - Refurb Checklist (old version, 07-03-24)",checklist,FALSE,FALSE,Auckland,Ryman Healthcare - Refurbs,Evelyn Page,IA A97 - Job #61965,Evelyn Page - IA A97 - Refurb Checklist,,,,
ce9400c4-f7f0-41e4-a2ce-ea790e93dd5e,,checklist-sectioned,work-in-progress,"zSYS - Refurb Checklist (old version, 07-03-24)",checklist,FALSE,FALSE,Auckland,Ryman Healthcare - Refurbs,Evelyn Page,IA B68 - Job #62881,Evelyn Page - IA B68 - Refurb Checklist,,,,
9afa3d45-763b-4b35-865c-eab895cb0250,,checklist-sectioned,work-in-progress,"zSYS - Refurb Checklist (old version, 07-03-24)",checklist,FALSE,FALSE,Auckland,Ryman Healthcare - Refurbs,Evelyn Page,SA 108 - Job #61582,Evelyn Page - SA 108 - Refurb Checklist,,,,
d54101eb-52ce-4aa0-9b1b-d3e55f6d2379,,checklist-sectioned,work-in-progress,"zSYS - Refurb Checklist (old version, 07-03-24)",checklist,FALSE,FALSE,Auckland,Ryman Healthcare - Refurbs,Evelyn Page,SA 110 - Job #62882,Evelyn Page - SA 110 - Refurb Checklist,,,,
2d8100a5-bb08-4af0-8ace-e626de838537,,checklist-sectioned,work-in-progress,"zSYS - Refurb Checklist (old version, 07-03-24)",checklist,FALSE,FALSE,Auckland,Ryman Healthcare - Refurbs,Evelyn Page,SA 111 - Job #61989,Evelyn Page - SA 111 - Refurb Checklist,,,,
f63f779d-6462-4943-b1f6-415f0dbffc9a,,checklist-sectioned,work-in-progress,"zSYS - Refurb Checklist (old version, 07-03-24)",checklist,FALSE,FALSE,Auckland,Ryman Healthcare - Refurbs,Evelyn Page,SA 219 - Job #62883,Evelyn Page - SA 219 - Refurb Checklist,,,,
5a715348-ab0f-44a1-b317-213555e3fa39,,checklist-sectioned,work-in-progress,"zSYS - Refurb Checklist (old version, 07-03-24)",checklist,FALSE,FALSE,Auckland,Ryman Healthcare - Refurbs,Evelyn Page,SA 228 - Job #63828,Evelyn Page - SA 228 - Refurb Checklist,,,,
f0ee2cf4-a914-404c-b211-21560ea7efc8,,checklist-sectioned,pass,"zSYS - Refurb Checklist (old version, 07-03-24)",checklist,FALSE,FALSE,Auckland,Ryman Healthcare - Refurbs,Evelyn Page,SA 302 - Job #61963,Evelyn Page - SA 302 - Refurb Checklist,,,,
34bb460a-3461-4c97-962f-6f05e66407ea,,checklist-sectioned,work-in-progress,"zSYS - Refurb Checklist (old version, 07-03-24)",checklist,FALSE,FALSE,Auckland,Ryman Healthcare - Refurbs,Evelyn Page,SA 310 - Job #63307,Evelyn Page - SA 310 - Refurb Checklist,,,,
11c17ad9-889a-4fe7-a088-30647cb2bbde,,checklist-sectioned,work-in-progress,"zSYS - Refurb Checklist (old version, 07-03-24)",checklist,FALSE,FALSE,Auckland,Ryman Healthcare - Refurbs,Evelyn Page,TH 36 - Job #61988,Evelyn Page - TH 36 - Refurb Checklist,,,,
b77ba2a2-617c-4a6c-be07-2dcfaedd880b,,checklist-sectioned,pass,"zSYS - Refurb Checklist (old version, 07-03-24)",checklist,FALSE,FALSE,Auckland,Ryman Healthcare - Refurbs,Grace Joel,1. Completed Refurbs,IA 1 - Job #57658,Grace Joel - IA 1 - Refurb Checklist,,,
9dceafbf-4646-4ba7-9b57-b5b48b90796d,,checklist-sectioned,pass,"zSYS - Refurb Checklist (old version, 07-03-24)",checklist,FALSE,FALSE,Auckland,Ryman Healthcare - Refurbs,Grace Joel,1. Completed Refurbs,IA 7 - Job #59870,Grace Joel - IA 7 - Refurb Checklist,,,
a61dafe8-0936-49e2-86dd-00b9fefb130f,,checklist-sectioned,pass,"zSYS - Refurb Checklist (old version, 07-03-24)",checklist,FALSE,FALSE,Auckland,Ryman Healthcare - Refurbs,Grace Joel,1. Completed Refurbs,IA 24 - Job #60635,Grace Joel - IA 24 - Refurb Checklist,,,
d7ad1660-205f-440e-916c-fa38e42a8e3c,,checklist-sectioned,not-applicable,"zSYS - Refurb Checklist (old version, 07-03-24)",checklist,FALSE,FALSE,Auckland,Ryman Healthcare - Refurbs,Grace Joel,1. Completed Refurbs,IA 28 - Job #54738 - CANCELLED,Grace Joel - IA 28 - Refurb Checklist,,,
2c1c5e5b-9d28-4727-b158-433210cbf19d,,checklist-sectioned,pass,"zSYS - Refurb Checklist (old version, 07-03-24)",checklist,FALSE,FALSE,Auckland,Ryman Healthcare - Refurbs,Grace Joel,1. Completed Refurbs,IA 59 - Job #59067,Grace Joel - IA 59 - Refurb Checklist,,,
d76a148e-b4d9-420c-bbb1-a8cfd573f48f,,checklist-sectioned,not-applicable,"zSYS - Refurb Checklist (old version, 07-03-24)",checklist,FALSE,FALSE,Auckland,Ryman Healthcare - Refurbs,Grace Joel,1. Completed Refurbs,IA 515 - Job #48761 - CANCELLED,Grace Joel - IA 515 - Refurb Checklist,,,
29c2dede-65e2-4c8a-a0f5-522c1b0a1c40,,checklist-sectioned,pass,"zSYS - Refurb Checklist (old version, 07-03-24)",checklist,FALSE,FALSE,Auckland,Ryman Healthcare - Refurbs,Grace Joel,1. Completed Refurbs,SA 103 - Job #58042,Grace Joel - SA 103 - Refurb Checklist,,,
837088f1-9d1d-4bbf-9a31-2eeccd7a10bc,,checklist-sectioned,pass,"zSYS - Refurb Checklist (old version, 07-03-24)",checklist,FALSE,FALSE,Auckland,Ryman Healthcare - Refurbs,Grace Joel,1. Completed Refurbs,SA 201 - Job #57470,Grace Joel - SA 201 - Refurb Checklist,,,
9595da01-4a1d-428d-a0cd-f56fce54bda2,,checklist-sectioned,pass,"zSYS - Refurb Checklist (old version, 07-03-24)",checklist,FALSE,FALSE,Auckland,Ryman Healthcare - Refurbs,Grace Joel,1. Completed Refurbs,SA 209 - Job #56890,Grace Joel - SA 209 - Refurb Checklist,,,
4aadbf77-2a1d-4b20-80fe-de9cc4032dc9,,checklist-sectioned,pass,"zSYS - Refurb Checklist (old version, 07-03-24)",checklist,FALSE,FALSE,Auckland,Ryman Healthcare - Refurbs,Grace Joel,1. Completed Refurbs,SA 307 - Job #61759,Grace Joel - SA 307 - Refurb Checklist,,,
fd10699a-1dde-4890-9990-b49256223346,,checklist-sectioned,pass,"zSYS - Refurb Checklist (old version, 07-03-24)",checklist,FALSE,FALSE,Auckland,Ryman Healthcare - Refurbs,Grace Joel,1. Completed Refurbs,TH 41 - Job #59396,Grace Joel - TH 41 - Refurb Checklist,,,
ebd51fc4-938a-43c7-9744-ffe5e766bd6c,,checklist-sectioned,pass,"zSYS - Refurb Checklist (old version, 07-03-24)",checklist,FALSE,FALSE,Auckland,Ryman Healthcare - Refurbs,Grace Joel,1. Completed Refurbs,TH 50 - Job #58041,Grace Joel - TH 50 - Refurb Checklist,,,
0b678afd-f5ed-40ef-8630-42c24d381112,,checklist-sectioned,pass,"zSYS - Refurb Checklist (old version, 07-03-24)",checklist,FALSE,FALSE,Auckland,Ryman Healthcare - Refurbs,Grace Joel,1. Completed Refurbs,TH 55 - Job #58432,Grace Joel - TH 55 - Refurb Checklist,,,
fe4fb4cb-7354-4c3f-a774-c46f25e8709d,,checklist-sectioned,work-in-progress,"zSYS - Refurb Checklist (old version, 07-03-24)",checklist,FALSE,FALSE,Auckland,Ryman Healthcare - Refurbs,Grace Joel,IA 4 - Job #61027,Grace Joel - IA 4 - Refurb Checklist,,,,
79627d9d-c209-4ba1-a240-7c8519b46582,,checklist-sectioned,work-in-progress,"zSYS - Refurb Checklist (old version, 07-03-24)",checklist,FALSE,FALSE,Auckland,Ryman Healthcare - Refurbs,Grace Joel,IA 23 - Job #63742,Grace Joel - IA 23 - Refurb Checklist,,,,
43c0cd82-3f05-42a2-9c7e-86e0bff0a755,,checklist-sectioned,work-in-progress,"zSYS - Refurb Checklist (old version, 07-03-24)",checklist,FALSE,FALSE,Auckland,Ryman Healthcare - Refurbs,Grace Joel,TH 40 - Job #61194,Grace Joel - TH 40 - Refurb Checklist,,,,
b3c36db1-c09d-4302-9a35-41e3e290d72d,,checklist-sectioned,work-in-progress,"zSYS - Refurb Checklist (old version, 07-03-24)",checklist,FALSE,FALSE,Auckland,Ryman Healthcare - Refurbs,Grace Joel,TH 45 - Job #61991,Grace Joel - TH 45 - Refurb Checklist,,,,
cbc17d9b-9848-4f47-b321-24c3c2d157d8,,checklist-sectioned,not-applicable,"zSYS - Refurb Checklist (old version, 07-03-24)",checklist,FALSE,FALSE,Auckland,Ryman Healthcare - Refurbs,Jane Mander,1. Completed Refurbs,TH 04 - Job #58936 - COMPLETED BY HENWOODS,Jane Mander - TH 04 - Refurb Checklist,,,
cf380957-9535-437d-ae31-8443d728758c,,checklist-sectioned,work-in-progress,"zSYS - Refurb Checklist (old version, 07-03-24)",checklist,FALSE,FALSE,Auckland,Ryman Healthcare - Refurbs,Keith Park,IA 239 - Job #61418,Keith Park - IA 239 - Refurb Checklist,,,,
5b52e0e1-6ee2-4655-a1f1-faf0cb73347e,,checklist-sectioned,work-in-progress,"zSYS - Refurb Checklist (old version, 07-03-24)",checklist,FALSE,FALSE,South,Ryman Healthcare - Refurbs,Essie Summers,TH23 - Job # 58660,Refurb Checklist,,,,
b51fe721-76a7-4b81-bc71-1a1ac9cb7a40,,checklist-sectioned,work-in-progress,"zSYS - Refurb Checklist (old version, 07-03-24)",checklist,FALSE,FALSE,South,Ryman Healthcare - Refurbs,Ngaio Marsh,TH11 - Job # 58410,Refurb Checklist,,,,
65f40853-cc60-4a26-84f2-72cdb2b5c2f9,,checklist-sectioned,pass,"zSYS - Refurb Checklist (old version, 07-03-24)",checklist,FALSE,FALSE,South,Ryman Healthcare - Refurbs,Ngaio Marsh,TH90 - Job # 58962,Refurb Checklist,,,,
b7e81582-c6d9-4b37-96d7-c374ebf98136,,checklist-sectioned,work-in-progress,"zSYS - Refurb Checklist (old version, 07-03-24)",checklist,FALSE,FALSE,South,Ryman Healthcare - Refurbs,Anthony Wilding,AW TH44 - Job # 58862,Refurb Checklist,,,,
1694cde6-13a4-4f6f-ad11-9e01963d3d1f,,checklist-sectioned,work-in-progress,"zSYS - Refurb Checklist (old version, 07-03-24)",checklist,FALSE,FALSE,South,Ryman Healthcare - Refurbs,Anthony Wilding,AW TH67 - Job # 58860,Refurb Checklist,,,,
9b5a8d4d-48db-443a-9e07-85445651815f,,checklist-sectioned,pass,"zSYS - Refurb Checklist (old version, 07-03-24)",checklist,FALSE,FALSE,South,Ryman Healthcare - Refurbs,Anthony Wilding,AW TH112 - Job # 58859,Refurb Checklist,,,,
